,id,full_name,first_name,last_name,is_active
10,1630173,Precious Achiuwa,Precious,Achiuwa,1
22,203500,Steven Adams,Steven,Adams,1
24,1628389,Bam Adebayo,Bam,Adebayo,1
29,1630534,Ochai Agbaji,Ochai,Agbaji,1
41,1630583,Santi Aldama,Santi,Aldama,1
54,1629638,Nickeil Alexander-Walker,Nickeil,Alexander-Walker,1
58,1628960,Grayson Allen,Grayson,Allen,1
59,1628386,Jarrett Allen,Jarrett,Allen,1
75,1630631,Jose Alvarado,Jose,Alvarado,1
96,203937,Kyle Anderson,Kyle,Anderson,1
111,203507,Giannis Antetokounmpo,Giannis,Antetokounmpo,1
112,1628961,Kostas Antetokounmpo,Kostas,Antetokounmpo,1
113,203648,Thanasis Antetokounmpo,Thanasis,Antetokounmpo,1
115,1630175,Cole Anthony,Cole,Anthony,1
119,1628384,O.G. Anunoby,O.G.,Anunoby,1
125,1627853,Ryan Arcidiacono,Ryan,Arcidiacono,1
159,1630166,Deni Avdija,Deni,Avdija,1
167,1629028,Deandre Ayton,Deandre,Ayton,1
169,1628962,Udoka Azubuike,Udoka,Azubuike,1
178,1628963,Marvin Bagley III,Marvin,Bagley III,1
191,1631116,Patrick Baldwin Jr.,Patrick,Baldwin Jr.,1
194,1630163,LaMelo Ball,LaMelo,Ball,1
195,1629071,LiAngelo Ball,LiAngelo,Ball,1
196,1628366,Lonzo Ball,Lonzo,Ball,1
199,1628964,Mo Bamba,Mo,Bamba,1
200,1631094,Paolo Banchero,Paolo,Banchero,1
201,1630217,Desmond Bane,Desmond,Bane,1
206,1630625,Dalano Banton,Dalano,Banton,1
218,1631230,Dominick Barlow,Dominick,Barlow,1
219,203084,Harrison Barnes,Harrison,Barnes,1
224,1630567,Scottie Barnes,Scottie,Barnes,1
235,1629628,RJ Barrett,RJ,Barrett,1
244,203115,Will Barton,Will,Barton,1
250,1629646,Charles Bassey,Charles,Bassey,1
254,1628966,Keita Bates-Diop,Keita,Bates-Diop,1
262,201587,Nicolas Batum,Nicolas,Batum,1
270,203145,Kent Bazemore,Kent,Bazemore,1
271,1629647,Darius Bazley,Darius,Bazley,1
273,203078,Bradley Beal,Bradley,Beal,1
277,1627736,Malik Beasley,Malik,Beasley,1
281,1630699,MarJon Beauchamp,MarJon,Beauchamp,1
318,1631262,Jules Bernard,Jules,Bernard,1
322,202722,Davis Bertans,Davis,Bertans,1
325,201976,Patrick Beverley,Patrick,Beverley,1
326,1630180,Saddiq Bey,Saddiq,Bey,1
339,1631234,Marcus Bingham Jr.,Marcus,Bingham Jr.,1
341,203920,Khem Birch,Khem,Birch,1
347,1629048,Goga Bitadze,Goga,Bitadze,1
348,202687,Bismack Biyombo,Bismack,Biyombo,1
384,1631205,Buddy Boeheim,Buddy,Boeheim,1
387,203992,Bogdan Bogdanovic,Bogdan,Bogdanovic,1
388,202711,Bojan Bogdanovic,Bojan,Bogdanovic,1
392,1629626,Bol Bol,Bol,Bol,1
395,1629716,Marques Bolden,Marques,Bolden,1
397,1630195,Leandro Bolmaro,Leandro,Bolmaro,1
409,1626164,Devin Booker,Devin,Booker,1
425,1630527,Brandon Boston,Brandon,Boston,1
428,1628449,Chris Boucher,Chris,Boucher,1
429,1630547,James Bouknight,James,Bouknight,1
431,1631123,Jamaree Bouyea,Jamaree,Bouyea,1
462,1628396,Tony Bradley,Tony,Bradley,1
470,1631103,Malaki Branham,Malaki,Branham,1
478,1631128,Christian Braun,Christian,Braun,1
495,1628969,Mikal Bridges,Mikal,Bridges,1
502,1629052,Oshae Brissett,Oshae,Brissett,1
511,1627763,Malcolm Brogdon,Malcolm,Brogdon,1
516,1628415,Dillon Brooks,Dillon,Brooks,1
525,1628971,Bruce Brown,Bruce,Brown,1
535,1631122,Gabe Brown,Gabe,Brown,1
540,1627759,Jaylen Brown,Jaylen,Brown,1
543,1631112,Kendall Brown,Kendall,Brown,1
551,1629650,Moses Brown,Moses,Brown,1
563,1630535,Greg Brown III,Greg,Brown III,1
564,1629718,Charlie Brown Jr.,Charlie,Brown Jr.,1
566,1628972,Troy Brown Jr.,Troy,Brown Jr.,1
569,1628973,Jalen Brunson,Jalen,Brunson,1
577,1628418,Thomas Bryant,Thomas,Bryant,1
592,203493,Reggie Bullock,Reggie,Bullock,1
598,203504,Trey Burke,Trey,Burke,1
600,202692,Alec Burks,Alec,Burks,1
624,1630215,Jared Butler,Jared,Butler,1
625,202710,Jimmy Butler,Jimmy,Butler,1
641,1631288,Jamal Cain,Jamal,Cain,1
648,203484,Kentavious Caldwell-Pope,Kentavious,Caldwell-Pope,1
662,1628427,Vlatko Cancar,Vlatko,Cancar,1
663,1629962,Devin Cannady,Devin,Cannady,1
665,203991,Clint Capela,Clint,Capela,1
668,1630176,Vernon Carey Jr.,Vernon,Carey Jr.,1
695,1628975,Jevon Carter,Jevon,Carter,1
700,1628976,Wendell Carter Jr.,Wendell,Carter Jr.,1
704,1627936,Alex Caruso,Alex,Caruso,1
713,1626161,Willie Cauley-Stein,Willie,Cauley-Stein,1
728,1630577,Julian Champagnie,Julian,Champagnie,1
729,1630551,Justin Champagnie,Justin,Champagnie,1
731,1631113,Kennedy Chandler,Kennedy,Chandler,1
742,1629597,Zylan Cheatham,Zylan,Cheatham,1
751,1629185,Chris Chiozza,Chris,Chiozza,1
754,1627737,Marquese Chriss,Marquese,Chriss,1
759,1631108,Max Christie,Max,Christie,1
763,1630528,Josh Christopher,Josh,Christopher,1
772,1629634,Brandon Clarke,Brandon,Clarke,1
774,203903,Jordan Clarkson,Jordan,Clarkson,1
778,1629651,Nic Claxton,Nic,Claxton,1
791,1629599,Amir Coffey,Amir,Coffey,1
810,1628381,John Collins,John,Collins,1
813,1628380,Zach Collins,Zach,Collins,1
825,201144,Mike Conley,Mike,Conley,1
828,1626192,Pat Connaughton,Pat,Connaughton,1
841,1626188,Quinn Cook,Quinn,Cook,1
851,1630536,Sharife Cooper,Sharife,Cooper,1
875,203496,Robert Covington,Robert,Covington,1
881,1628470,Torrey Craig,Torrey,Craig,1
906,203109,Jae Crowder,Jae,Crowder,1
907,1630622,Jalen Crutcher,Jalen,Crutcher,1
908,1629633,Jarrett Culver,Jarrett,Culver,1
914,1630595,Cade Cunningham,Cade,Cunningham,1
928,203552,Seth Curry,Seth,Curry,1
929,201939,Stephen Curry,Stephen,Curry,1
940,1630700,Dyson Daniels,Dyson,Daniels,1
952,1630268,Nate Darling,Nate,Darling,1
960,203076,Anthony Davis,Anthony,Davis,1
983,1631098,Johnny Davis,Johnny,Davis,1
995,1629056,Terence Davis,Terence,Davis,1
1000,1631120,JD Davison,JD,Davison,1
1011,1630620,Darius Days,Darius,Days,1
1017,201942,DeMar DeRozan,DeMar,DeRozan,1
1021,203473,Dewayne Dedmon,Dewayne,Dedmon,1
1033,203521,Matthew Dellavedova,Matthew,Dellavedova,1
1048,1628978,Donte DiVincenzo,Donte,DiVincenzo,1
1049,1631217,Moussa Diabate,Moussa,Diabate,1
1050,1629603,Mamadi Diakite,Mamadi,Diakite,1
1053,1628977,Hamidou Diallo,Hamidou,Diallo,1
1064,203476,Gorgui Dieng,Gorgui,Dieng,1
1065,1631172,Ousmane Dieng,Ousmane,Dieng,1
1074,203915,Spencer Dinwiddie,Spencer,Dinwiddie,1
1087,1629029,Luka Doncic,Luka,Doncic,1
1094,1628416,Tyler Dorsey,Tyler,Dorsey,1
1095,1629652,Luguentz Dort,Luguentz,Dort,1
1096,1630245,Ayo Dosunmu,Ayo,Dosunmu,1
1098,1629653,Devon Dotson,Devon,Dotson,1
1111,1630288,Jeff Dowtin,Jeff,Dowtin,1
1114,1628408,P.J. Dozier,P.J.,Dozier,1
1116,201609,Goran Dragic,Goran,Dragic,1
1128,203083,Andre Drummond,Andre,Drummond,1
1130,1630537,Chris Duarte,Chris,Duarte,1
1141,1630561,David Duke Jr.,David,Duke Jr.,1
1154,201142,Kevin Durant,Kevin,Durant,1
1155,1631105,Jalen Duren,Jalen,Duren,1
1160,1631347,Anthony Duruji,Anthony,Duruji,1
1171,1631106,Tari Eason,Tari,Eason,1
1185,1630162,Anthony Edwards,Anthony,Edwards,1
1195,1630556,Kessler Edwards,Kessler,Edwards,1
1210,1629604,CJ Elleby,CJ,Elleby,1
1221,1631165,Keon Ellis,Keon,Ellis,1
1231,203954,Joel Embiid,Joel,Embiid,1
1254,1629234,Drew Eubanks,Drew,Eubanks,1
1285,202324,Derrick Favors,Derrick,Favors,1
1305,1628981,Bruno Fernando,Bruno,Fernando,1
1322,1627827,Dorian Finney-Smith,Dorian,Finney-Smith,1
1326,1630238,Malik Fitts,Malik,Fitts,1
1338,1630201,Malachi Flynn,Malachi,Flynn,1
1344,1631323,Simone Fontecchio,Simone,Fontecchio,1
1346,1627854,Bryn Forbes,Bryn,Forbes,1
1360,1630235,Trent Forrest,Trent,Forrest,1
1368,1630701,Michael Foster Jr.,Michael,Foster Jr.,1
1370,203095,Evan Fournier,Evan,Fournier,1
1374,1628368,De'Aaron Fox,De'Aaron,Fox,1
1412,1628365,Markelle Fultz,Markelle,Fultz,1
1416,1629117,Wenyen Gabriel,Wenyen,Gabriel,1
1417,203583,Abdul Gaddy,Abdul,Gaddy,1
1420,1629655,Daniel Gafford,Daniel,Gafford,1
1429,201568,Danilo Gallinari,Danilo,Gallinari,1
1430,204038,Langston Galloway,Langston,Galloway,1
1443,1629636,Darius Garland,Darius,Garland,1
1456,1630585,Marcus Garrett,Marcus,Garrett,1
1462,1630586,Usman Garuba,Usman,Garuba,1
1464,1630568,Luka Garza,Luka,Garza,1
1470,200752,Rudy Gay,Rudy,Gay,1
1480,202331,Paul George,Paul,George,1
1494,201959,Taj Gibson,Taj,Gibson,1
1497,1630581,Josh Giddey,Josh,Giddey,1
1500,1628983,Shai Gilgeous-Alexander,Shai,Gilgeous-Alexander,1
1501,1630264,Anthony Gill,Anthony,Gill,1
1505,1631221,Collin Gillespie,Collin,Gillespie,1
1526,203497,Rudy Gobert,Rudy,Gobert,1
1529,1631371,Grant Golden,Grant,Golden,1
1540,1630692,Jordan Goodwin,Jordan,Goodwin,1
1542,203932,Aaron Gordon,Aaron,Gordon,1
1545,201569,Eric Gordon,Eric,Gordon,1
1554,1628984,Devonte' Graham,Devonte',Graham,1
1572,203924,Jerami Grant,Jerami,Grant,1
1588,1630564,RaiQuan Gray,RaiQuan,Gray,1
1595,1631260,A.J. Green,A.J.,Green,1
1596,201980,Danny Green,Danny,Green,1
1598,203110,Draymond Green,Draymond,Green,1
1601,203210,JaMychal Green,JaMychal,Green,1
1602,1630224,Jalen Green,Jalen,Green,1
1603,1629750,Javonte Green,Javonte,Green,1
1604,201145,Jeff Green,Jeff,Green,1
1606,1630182,Josh Green,Josh,Green,1
1632,1631100,AJ Griffin,AJ,Griffin,1
1634,201933,Blake Griffin,Blake,Griffin,1
1641,1629656,Quentin Grimes,Quentin,Grimes,1
1654,1631338,Mouhamadou Gueye,Mouhamadou,Gueye,1
1667,1629060,Rui Hachimura,Rui,Hachimura,1
1685,1630169,Tyrese Haliburton,Tyrese,Haliburton,1
1689,1631160,Jordan Hall,Jordan,Hall,1
1692,1629788,Tyler Hall,Tyler,Hall,1
1711,1630181,R.J. Hampton,R.J.,Hampton,1
1731,203501,Tim Hardaway Jr.,Tim,Hardaway Jr.,1
1732,201935,James Harden,James,Harden,1
1736,1630702,Jaden Hardy,Jaden,Hardy,1
1748,1631199,Ron Harper Jr.,Ron,Harper Jr.,1
1750,1626149,Montrezl Harrell,Montrezl,Harrell,1
1762,203914,Gary Harris,Gary,Harris,1
1763,1630223,Jalen Harris,Jalen,Harris,1
1764,203925,Joe Harris,Joe,Harris,1
1765,1630284,Kevon Harris,Kevon,Harris,1
1771,202699,Tobias Harris,Tobias,Harris,1
1777,1627885,Shaquille Harrison,Shaquille,Harrison,1
1779,1628404,Josh Hart,Josh,Hart,1
1780,1628392,Isaiah Hartenstein,Isaiah,Hartenstein,1
1786,2617,Udonis Haslem,Udonis,Haslem,1
1793,1630573,Sam Hauser,Sam,Hauser,1
1808,1629637,Jaxson Hayes,Jaxson,Hayes,1
1809,1630165,Killian Hayes,Killian,Hayes,1
1812,202330,Gordon Hayward,Gordon,Hayward,1
1853,1627823,Juancho Hernangomez,Juancho,Hernangomez,1
1854,1626195,Willy Hernangomez,Willy,Hernangomez,1
1858,1629639,Tyler Herro,Tyler,Herro,1
1872,1627741,Buddy Hield,Buddy,Hield,1
1879,1629312,Haywood Highsmith,Haywood,Highsmith,1
1884,201588,George Hill,George,Hill,1
1888,1630792,Malcolm Hill,Malcolm,Hill,1
1898,1630207,Nate Hinton,Nate,Hinton,1
1914,1628988,Aaron Holiday,Aaron,Holiday,1
1915,201950,Jrue Holiday,Jrue,Holiday,1
1916,203200,Justin Holiday,Justin,Holiday,1
1925,1626158,Richaun Holmes,Richaun,Holmes,1
1926,1631096,Chet Holmgren,Chet,Holmgren,1
1945,201143,Al Horford,Al,Horford,1
1952,1629659,Talen Horton-Tucker,Talen,Horton-Tucker,1
1956,1627863,Danuel House Jr.,Danuel,House Jr.,1
1957,1631216,Caleb Houstan,Caleb,Houstan,1
1974,1631309,Trevor Hudgins,Trevor,Hudgins,1
1979,1628989,Kevin Huerter,Kevin,Huerter,1
1981,1630643,Jay Huff,Jay,Huff,1
1996,1630624,Feron Hunt,Feron,Hunt,1
2000,1629631,De'Andre Hunter,De'Andre,Hunter,1
2009,1630562,Matt Hurt,Matt,Hurt,1
2016,1630538,Bones Hyland,Bones,Hyland,1
2018,201586,Serge Ibaka,Serge,Ibaka,1
2019,2738,Andre Iguodala,Andre,Iguodala,1
2025,204060,Joe Ingles,Joe,Ingles,1
2028,1627742,Brandon Ingram,Brandon,Ingram,1
2031,202681,Kyrie Irving,Kyrie,Irving,1
2032,1628371,Jonathan Isaac,Jonathan,Isaac,1
2036,1631093,Jaden Ivey,Jaden,Ivey,1
2048,1630543,Isaiah Jackson,Isaiah,Jackson,1
2052,1628367,Josh Jackson,Josh,Jackson,1
2053,1628382,Justin Jackson,Justin,Jackson,1
2062,1631245,Quenton Jackson,Quenton,Jackson,1
2065,202704,Reggie Jackson,Reggie,Jackson,1
2071,1628991,Jaren Jackson Jr.,Jaren,Jackson Jr.,1
2083,2544,LeBron James,LeBron,James,1
2105,1629610,DaQuan Jeffries,DaQuan,Jeffries,1
2106,1631300,Drake Jeffries,Drake,Jeffries,1
2116,1629660,Ty Jerome,Ty,Jerome,1
2120,1630198,Isaiah Joe,Isaiah,Joe,1
2123,1628993,Alize Johnson,Alize,Johnson,1
2133,1629661,Cameron Johnson,Cameron,Johnson,1
2160,1630552,Jalen Johnson,Jalen,Johnson,1
2161,201949,James Johnson,James,Johnson,1
2165,1629640,Keldon Johnson,Keldon,Johnson,1
2168,1630553,Keon Johnson,Keon,Johnson,1
2186,1626169,Stanley Johnson,Stanley,Johnson,1
2197,203999,Nikola Jokic,Nikola,Jokic,1
2206,1630637,Carlik Jones,Carlik,Jones,1
2211,1627745,Damian Jones,Damian,Jones,1
2222,1630529,Herbert Jones,Herbert,Jones,1
2231,1630539,Kai Jones,Kai,Jones,1
2248,1630200,Tre Jones,Tre,Jones,1
2249,1626145,Tyus Jones,Tyus,Jones,1
2256,1627884,Derrick Jones Jr.,Derrick,Jones Jr.,1
2258,201599,DeAndre Jordan,DeAndre,Jordan,1
2269,202709,Cory Joseph,Cory,Joseph,1
2273,1631107,Nikola Jovic,Nikola,Jovic,1
2275,1630548,Johnny Juzang,Johnny,Juzang,1
2276,1629662,Mfiondu Kabengele,Mfiondu,Kabengele,1
2282,1626163,Frank Kaminsky,Frank,Kaminsky,1
2300,1631211,Trevor Keels,Trevor,Keels,1
2312,1628379,Luke Kennard,Luke,Kennard,1
2325,1631117,Walker Kessler,Walker,Kessler,1
2327,1630296,Braxton Key,Braxton,Key,1
2364,1631452,Noah Kirkwood,Noah,Kirkwood,1
2365,1630557,Corey Kispert,Corey,Kispert,1
2370,1628467,Maxi Kleber,Maxi,Kleber,1
2381,1630233,Nathan Knight,Nathan,Knight,1
2389,1628995,Kevin Knox II,Kevin,Knox II,1
2392,1631132,Christian Koloko,Christian,Koloko,1
2396,1629723,John Konchar,John,Konchar,1
2399,1627788,Furkan Korkmaz,Furkan,Korkmaz,1
2401,1628436,Luke Kornet,Luke,Kornet,1
2416,1630249,Vit Krejci,Vit,Krejci,1
2430,1630228,Jonathan Kuminga,Jonathan,Kuminga,1
2437,1628398,Kyle Kuzma,Kyle,Kuzma,1
2443,1631222,Jake LaRavia,Jake,LaRavia,1
2446,203897,Zach LaVine,Zach,LaVine,1
2454,1630237,Anthony Lamb,Anthony,Lamb,1
2462,1629111,Jock Landale,Jock,Landale,1
2472,1629641,Romeo Langford,Romeo,Langford,1
2492,1630639,A.J. Lawson,A.J.,Lawson,1
2495,1627774,Jake Layman,Jake,Layman,1
2497,1627747,Caris LeVert,Caris,LeVert,1
2509,1627814,Damion Lee,Damion,Lee,1
2526,203458,Alex Len,Alex,Len,1
2530,202695,Kawhi Leonard,Kawhi,Leonard,1
2545,1631171,Justin Lewis,Justin,Lewis,1
2552,1630184,Kira Lewis Jr.,Kira,Lewis Jr.,1
2557,203081,Damian Lillard,Damian,Lillard,1
2561,1629642,Nassir Little,Nassir,Little,1
2562,1630587,Isaiah Livers,Isaiah,Livers,1
2577,1631254,Kenneth Lofton Jr.,Kenneth,Lofton Jr.,1
2586,1626172,Kevon Looney,Kevon,Looney,1
2587,201572,Brook Lopez,Brook,Lopez,1
2590,201577,Robin Lopez,Robin,Lopez,1
2597,201567,Kevin Love,Kevin,Love,1
2602,200768,Kyle Lowry,Kyle,Lowry,1
2617,1627789,Timothe Luwawu-Cabarrot,Timothe,Luwawu-Cabarrot,1
2619,1626168,Trey Lyles,Trey,Lyles,1
2658,1630588,Makur Maker,Makur,Maker,1
2667,1630572,Sandro Mamukelashvili,Sandro,Mamukelashvili,1
2673,1629611,Terance Mann,Terance,Mann,1
2674,1630544,Tre Mann,Tre,Mann,1
2690,1626246,Boban Marjanovic,Boban,Marjanovic,1
2691,1628374,Lauri Markkanen,Lauri,Markkanen,1
2700,1630230,Naji Marshall,Naji,Marshall,1
2707,1628997,Caleb Martin,Caleb,Martin,1
2709,1628998,Cody Martin,Cody,Martin,1
2718,1629103,Kelan Martin,Kelan,Martin,1
2726,1631213,Tyrese Martin,Tyrese,Martin,1
2727,1630231,Kenyon Martin Jr.,Kenyon,Martin Jr.,1
2737,1629726,Garrison Mathews,Garrison,Mathews,1
2740,1631097,Bennedict Mathurin,Bennedict,Mathurin,1
2742,202083,Wesley Matthews,Wesley,Matthews,1
2745,1630178,Tyrese Maxey,Tyrese,Maxey,1
2759,1630219,Skylar Mays,Skylar,Mays,1
2767,1630540,Miles McBride,Miles,McBride,1
2789,203468,CJ McCollum,CJ,McCollum,1
2792,204456,T.J. McConnell,T.J.,McConnell,1
2805,1630183,Jaden McDaniels,Jaden,McDaniels,1
2806,1629667,Jalen McDaniels,Jalen,McDaniels,1
2809,203926,Doug McDermott,Doug,McDermott,1
2810,1630253,Sean McDermott,Sean,McDermott,1
2820,201580,JaVale McGee,JaVale,McGee,1
2825,1631121,Bryce McGowens,Bryce,McGowens,1
2829,203585,Rodney McGruder,Rodney,McGruder,1
2849,1629162,Jordan McLaughlin,Jordan,McLaughlin,1
2890,1629001,De'Anthony Melton,De'Anthony,Melton,1
2900,1630241,Sam Merrill,Sam,Merrill,1
2902,1629002,Chimezie Metu,Chimezie,Metu,1
2908,203114,Khris Middleton,Khris,Middleton,1
2933,1630627,Isaiah Miller,Isaiah,Miller,1
2943,201988,Patty Mills,Patty,Mills,1
2947,1629003,Shake Milton,Shake,Milton,1
2953,1631169,Josh Minott,Josh,Minott,1
2957,1630558,Davion Mitchell,Davion,Mitchell,1
2958,1628378,Donovan Mitchell,Donovan,Mitchell,1
2965,1630342,Trhae Mitchell,Trhae,Mitchell,1
2971,1630596,Evan Mobley,Evan,Mobley,1
2972,1630600,Isaiah Mobley,Isaiah,Mobley,1
2982,1631320,Chima Moneke,Chima,Moneke,1
2985,1628370,Malik Monk,Malik,Monk,1
2992,1630541,Moses Moody,Moses,Moody,1
2994,1629875,Xavier Moon,Xavier,Moon,1
3007,1631111,Wendell Moore Jr.,Wendell,Moore Jr.,1
3008,1629630,Ja Morant,Ja,Morant,1
3020,202693,Markieff Morris,Markieff,Morris,1
3022,1628420,Monte Morris,Monte,Morris,1
3025,202694,Marcus Morris Sr.,Marcus,Morris Sr.,1
3046,1628539,Mychal Mulder,Mychal,Mulder,1
3069,1630530,Trey Murphy III,Trey,Murphy III,1
3070,1627749,Dejounte Murray,Dejounte,Murray,1
3072,1627750,Jamal Murray,Jamal,Murray,1
3073,1631099,Keegan Murray,Keegan,Murray,1
3080,203488,Mike Muscala,Mike,Muscala,1
3086,1629004,Svi Mykhailiuk,Svi,Mykhailiuk,1
3099,1626204,Larry Nance Jr.,Larry,Nance Jr.,1
3126,1629614,Andrew Nembhard,Andrew,Nembhard,1
3128,1630612,RJ Nembhard Jr.,RJ,Nembhard Jr.,1
3131,1630174,Aaron Nesmith,Aaron,Nesmith,1
3134,203526,Raul Neto,Raul,Neto,1
3145,1627777,Georges Niang,Georges,Niang,1
3155,1630227,Daishen Nix,Daishen,Nix,1
3158,1630192,Zeke Nnaji,Zeke,Nnaji,1
3163,203457,Nerlens Noel,Nerlens,Noel,1
3182,1629669,Jaylen Nowell,Jaylen,Nowell,1
3185,1628373,Frank Ntilikina,Frank,Ntilikina,1
3186,1629134,Kendrick Nunn,Kendrick,Nunn,1
3188,203994,Jusuf Nurkic,Jusuf,Nurkic,1
3190,1628021,David Nwaba,David,Nwaba,1
3191,1629670,Jordan Nwora,Jordan,Nwora,1
3210,1626220,Royce O'Neale,Royce,O'Neale,1
3229,1629643,Chuma Okeke,Chuma,Okeke,1
3231,1629006,Josh Okogie,Josh,Okogie,1
3232,1630168,Onyeka Okongwu,Onyeka,Okongwu,1
3233,1630171,Isaac Okoro,Isaac,Okoro,1
3234,1629644,KZ Okpala,KZ,Okpala,1
3236,203506,Victor Oladipo,Victor,Oladipo,1
3251,203482,Kelly Olynyk,Kelly,Olynyk,1
3252,1630647,Eugene Omoruyi,Eugene,Omoruyi,1
3262,1626224,Cedi Osman,Cedi,Osman,1
3269,1626162,Kelly Oubre Jr.,Kelly,Oubre Jr.,1
3320,1629672,Eric Paschall,Eric,Paschall,1
3337,101108,Chris Paul,Chris,Paul,1
3347,1626166,Cameron Payne,Cameron,Payne,1
3353,1627780,Gary Payton II,Gary,Payton II,1
3402,1630691,Jamorko Pickett,Jamorko,Pickett,1
3405,1630321,Nate Pierre-Louis,Nate,Pierre-Louis,1
3412,1629033,Theo Pinson,Theo,Pinson,1
3416,1630590,Scotty Pippen Jr.,Scotty,Pippen Jr.,1
3421,1631342,Daeqwon Plowden,Daeqwon,Plowden,1
3423,203486,Mason Plumlee,Mason,Plumlee,1
3427,1627751,Jakob Poeltl,Jakob,Poeltl,1
3429,1630197,Aleksej Pokusevski,Aleksej,Pokusevski,1
3439,1629673,Jordan Poole,Jordan,Poole,1
3449,1629645,Kevin Porter Jr.,Kevin,Porter Jr.,1
3450,1629008,Michael Porter Jr.,Michael,Porter Jr.,1
3451,203490,Otto Porter Jr.,Otto,Porter Jr.,1
3452,1626171,Bobby Portis,Bobby,Portis,1
3454,204001,Kristaps Porzingis,Kristaps,Porzingis,1
3460,203939,Dwight Powell,Dwight,Powell,1
3464,1626181,Norman Powell,Norman,Powell,1
3471,1630554,Jason Preston,Jason,Preston,1
3481,1630563,Joshua Primo,Joshua,Primo,1
3482,1627752,Taurean Prince,Taurean,Prince,1
3486,1630202,Payton Pritchard,Payton,Pritchard,1
3498,1629674,Neemias Queta,Neemias,Queta,1
3500,1630193,Immanuel Quickley,Immanuel,Quickley,1
3503,1631311,Lester Quinones,Lester,Quinones,1
3527,1626184,Chasson Randle,Chasson,Randle,1
3528,203944,Julius Randle,Julius,Randle,1
3550,1630559,Austin Reaves,Austin,Reaves,1
3556,1629629,Cam Reddish,Cam,Reddish,1
3560,1628432,Davon Reed,Davon,Reed,1
3563,1630194,Paul Reed,Paul,Reed,1
3575,1629675,Naz Reid,Naz,Reid,1
3590,1631197,Jared Rhoden,Jared,Rhoden,1
3596,1630208,Nick Richards,Nick,Richards,1
3600,1626196,Josh Richardson,Josh,Richardson,1
3626,203085,Austin Rivers,Austin,Rivers,1
3653,1629130,Duncan Robinson,Duncan,Robinson,1
3660,1629010,Jerome Robinson,Jerome,Robinson,1
3663,1629011,Mitchell Robinson,Mitchell,Robinson,1
3666,1631115,Orlando Robinson,Orlando,Robinson,1
3672,1630526,Jeremiah Robinson-Earl,Jeremiah,Robinson-Earl,1
3675,1629676,Isaiah Roby,Isaiah,Roby,1
3680,1631223,David Roddy,David,Roddy,1
3695,1631157,Ryan Rollins,Ryan,Rollins,1
3700,201565,Derrick Rose,Derrick,Rose,1
3709,203082,Terrence Ross,Terrence,Ross,1
3725,1626179,Terry Rozier,Terry,Rozier,1
3726,201937,Ricky Rubio,Ricky,Rubio,1
3746,1626156,D'Angelo Russell,D'Angelo,Russell,1
3750,1630346,Matt Ryan,Matt,Ryan,1
3752,1627734,Domantas Sabonis,Domantas,Sabonis,1
3777,203967,Dario Saric,Dario,Saric,1
3778,1630846,Olivier Sarr,Olivier,Sarr,1
3796,1630648,Jordan Schakel,Jordan,Schakel,1
3813,1629678,Admiral Schofield,Admiral,Schofield,1
3817,203471,Dennis Schroder,Dennis,Schroder,1
3833,1630206,Jay Scrubb,Jay,Scrubb,1
3835,1631220,Dereon Seabron,Dereon,Seabron,1
3854,1630578,Alperen Sengun,Alperen,Sengun,1
3859,1629012,Collin Sexton,Collin,Sexton,1
3866,1629013,Landry Shamet,Landry,Shamet,1
3872,1630549,Day'Ron Sharpe,Day'Ron,Sharpe,1
3873,1631101,Shaedon Sharpe,Shaedon,Sharpe,1
3898,1627783,Pascal Siakam,Pascal,Siakam,1
3913,1627732,Ben Simmons,Ben,Simmons,1
3922,1630250,Marko Simonovic,Marko,Simonovic,1
3923,1629014,Anfernee Simons,Anfernee,Simons,1
3933,1631301,Jaylen Sims,Jaylen,Sims,1
3934,1630579,Jericho Sims,Jericho,Sims,1
3942,1629686,Deividas Sirvydis,Deividas,Sirvydis,1
3960,1630606,Javonte Smart,Javonte,Smart,1
3962,203935,Marcus Smart,Marcus,Smart,1
3983,1630696,Dru Smith,Dru,Smith,1
3989,202397,Ish Smith,Ish,Smith,1
3992,1630188,Jalen Smith,Jalen,Smith,1
4021,1628372,Dennis Smith Jr.,Dennis,Smith Jr.,1
4022,1631095,Jabari Smith Jr.,Jabari,Smith Jr.,1
4026,1630270,Xavier Sneed,Xavier,Sneed,1
4034,1631110,Jeremy Sochan,Jeremy,Sochan,1
4055,1630311,Pat Spencer,Pat,Spencer,1
4062,1630531,Jaden Springer,Jaden,Springer,1
4088,1630205,Lamar Stevens,Lamar,Stevens,1
4091,1630597,DJ Stewart,DJ,Stewart,1
4093,1630191,Isaiah Stewart,Isaiah,Stewart,1
4130,1629622,Max Strus,Max,Strus,1
4134,1630591,Jalen Suggs,Jalen,Suggs,1
4138,1628410,Edmond Sumner,Edmond,Sumner,1
4153,1631306,Cole Swider,Cole,Swider,1
4170,1630256,Jae'Sean Tate,Jae'Sean,Tate,1
4172,1628369,Jayson Tatum,Jayson,Tatum,1
4188,1630678,Terry Taylor,Terry,Taylor,1
4196,202066,Garrett Temple,Garrett,Temple,1
4203,1631207,Dalen Terry,Dalen,Terry,1
4210,1628464,Daniel Theis,Daniel,Theis,1
4218,1630271,Brodric Thomas,Brodric,Thomas,1
4219,1630560,Cam Thomas,Cam,Thomas,1
4252,202691,Klay Thompson,Klay,Thompson,1
4259,1630550,JT Thor,JT,Thor,1
4269,1629680,Matisse Thybulle,Matisse,Thybulle,1
4272,1629681,Killian Tillie,Killian,Tillie,1
4274,1630214,Xavier Tillman,Xavier,Tillman,1
4279,1630225,Isaiah Todd,Isaiah,Todd,1
4292,1630167,Obi Toppin,Obi,Toppin,1
4296,1629308,Juan Toscano-Anderson,Juan,Toscano-Anderson,1
4304,1626157,Karl-Anthony Towns,Karl-Anthony,Towns,1
4310,1629018,Gary Trent Jr.,Gary,Trent Jr.,1
4325,200782,P.J. Tucker,P.J.,Tucker,1
4340,1626167,Myles Turner,Myles,Turner,1
4355,1630649,Stanley Umude,Stanley,Umude,1
4362,202685,Jonas Valanciunas,Jonas,Valanciunas,1
4374,1627832,Fred VanVleet,Fred,VanVleet,1
4377,1629020,Jarred Vanderbilt,Jarred,Vanderbilt,1
4386,1630170,Devin Vassell,Devin,Vassell,1
4398,1630492,Luca Vildoza,Luca,Vildoza,1
4400,1629216,Gabe Vincent,Gabe,Vincent,1
4409,203943,Noah Vonleh,Noah,Vonleh,1
4416,202696,Nikola Vucevic,Nikola,Vucevic,1
4418,1629731,Dean Wade,Dean,Wade,1
4425,1630532,Franz Wagner,Franz,Wagner,1
4427,1629021,Moritz Wagner,Moritz,Wagner,1
4428,1630688,Ish Wainright,Ish,Wainright,1
4441,1631133,Jabari Walker,Jabari,Walker,1
4443,202689,Kemba Walker,Kemba,Walker,1
4449,1629022,Lonnie Walker IV,Lonnie,Walker IV,1
4450,202322,John Wall,John,Wall,1
4481,203933,T.J. Warren,T.J.,Warren,1
4494,1629023,P.J. Washington,P.J.,Washington,1
4498,1630613,Duane Washington Jr.,Duane,Washington Jr.,1
4499,1631102,TyTy Washington Jr.,TyTy,Washington Jr.,1
4500,1629139,Yuta Watanabe,Yuta,Watanabe,1
4502,1630322,Lindy Waters III,Lindy,Waters III,1
4503,1630570,Trendon Watford,Trendon,Watford,1
4509,1631212,Peyton Watson,Peyton,Watson,1
4517,1629683,Quinndary Weatherspoon,Quinndary,Weatherspoon,1
4546,1631104,Blake Wesley,Blake,Wesley,1
4556,201566,Russell Westbrook,Russell,Westbrook,1
4565,1629632,Coby White,Coby,White,1
4567,1628401,Derrick White,Derrick,White,1
4571,1631298,Jack White,Jack,White,1
4597,1630580,Joe Wieskamp,Joe,Wieskamp,1
4598,1630598,Aaron Wiggins,Aaron,Wiggins,1
4599,203952,Andrew Wiggins,Andrew,Wiggins,1
4601,1629623,Lindell Wigginton,Lindell,Wigginton,1
4624,1631214,Alondes Williams,Alondes,Williams,1
4645,1629684,Grant Williams,Grant,Williams,1
4650,1631114,Jalen Williams,Jalen,Williams,1
4654,1631119,Jaylin Williams,Jaylin,Williams,1
4656,1631466,Jeenathan Williams,Jeenathan,Williams,1
4663,1629026,Kenrich Williams,Kenrich,Williams,1
4669,1631109,Mark Williams,Mark,Williams,1
4677,1630172,Patrick Williams,Patrick,Williams,1
4699,1630533,Ziaire Williams,Ziaire,Williams,1
4700,1629057,Robert Williams III,Robert,Williams III,1
4702,1631246,Vince Williams Jr.,Vince,Williams Jr.,1
4706,1629627,Zion Williamson,Zion,Williamson,1
4712,1628391,D.J. Wilson,D.J.,Wilson,1
4726,1629685,Dylan Windler,Dylan,Windler,1
4733,1626159,Justise Winslow,Justise,Winslow,1
4740,1630164,James Wiseman,James,Wiseman,1
4751,1626174,Christian Wood,Christian,Wood,1
4774,1626153,Delon Wright,Delon,Wright,1
4784,1630593,McKinley Wright IV,McKinley,Wright IV,1
4806,201152,Thaddeus Young,Thaddeus,Young,1
4808,1629027,Trae Young,Trae,Young,1
4809,1630209,Omer Yurtseven,Omer,Yurtseven,1
4812,203469,Cody Zeller,Cody,Zeller,1
4829,1627826,Ivica Zubac,Ivica,Zubac,1
